benchmark,methods,run-,time_for_init_pop,time_for_ga_process,time_for_all_process,
X-n106-k14,MKNN,1,2.00,103.00,105.00,1.00
X-n106-k14,MKNN,2,2.00,105.00,107.00,2.00
X-n106-k14,MKNN,3,2.00,102.00,104.00,
X-n106-k14,MKNN,4,1.00,93.00,94.00,
X-n106-k14,MKNN,5,1.00,93.00,94.00,
X-n106-k14,MKNN,6,1.00,90.00,91.00,
X-n106-k14,MKNN,7,2.00,87.00,89.00,
X-n106-k14,MKNN,8,1.00,86.00,87.00,
X-n106-k14,MKNN,9,1.00,89.00,90.00,
X-n106-k14,MKNN,10,1.00,87.00,88.00,
X-n106-k14,MKNN,11,2.00,86.00,88.00,
X-n106-k14,MKNN,12,1.00,87.00,88.00,
X-n106-k14,MKNN,13,2.00,85.00,87.00,
X-n106-k14,MKNN,14,1.00,84.00,85.00,
X-n106-k14,MKNN,15,1.00,84.00,85.00,
X-n106-k14,MKNN,16,1.00,86.00,87.00,
X-n106-k14,MKNN,17,2.00,88.00,90.00,
X-n106-k14,MKNN,18,1.00,87.00,88.00,
X-n106-k14,MKNN,19,1.00,88.00,89.00,
X-n106-k14,MKNN,20,1.00,87.00,88.00,
X-n204-k19,MKNN,1,5.00,182.00,187.00,
X-n204-k19,MKNN,2,4.00,179.00,183.00,
X-n204-k19,MKNN,3,4.00,194.00,198.00,
X-n204-k19,MKNN,4,4.00,178.00,182.00,
X-n204-k19,MKNN,5,4.00,180.00,184.00,
X-n204-k19,MKNN,6,3.00,180.00,183.00,
X-n204-k19,MKNN,7,5.00,187.00,192.00,
X-n204-k19,MKNN,8,4.00,185.00,189.00,
X-n204-k19,MKNN,9,5.00,191.00,196.00,
X-n204-k19,MKNN,10,4.00,189.00,193.00,
X-n204-k19,MKNN,11,4.00,179.00,183.00,
X-n204-k19,MKNN,12,4.00,190.00,194.00,
X-n204-k19,MKNN,13,4.00,188.00,192.00,
X-n204-k19,MKNN,14,4.00,182.00,186.00,
X-n204-k19,MKNN,15,4.00,179.00,183.00,
X-n204-k19,MKNN,16,4.00,184.00,188.00,
X-n204-k19,MKNN,17,4.00,163.00,167.00,
X-n204-k19,MKNN,18,4.00,160.00,164.00,
X-n204-k19,MKNN,19,3.00,153.00,156.00,
X-n204-k19,MKNN,20,4.00,155.00,159.00,
X-n308-k13,MKNN,1,9.00,258.00,267.00,
X-n308-k13,MKNN,2,8.00,272.00,280.00,
X-n308-k13,MKNN,3,8.00,258.00,266.00,
X-n308-k13,MKNN,4,8.00,256.00,264.00,
X-n308-k13,MKNN,5,8.00,266.00,274.00,
X-n308-k13,MKNN,6,8.00,266.00,274.00,
X-n308-k13,MKNN,7,8.00,273.00,281.00,
X-n308-k13,MKNN,8,8.00,259.00,267.00,
X-n308-k13,MKNN,9,9.00,269.00,278.00,
X-n308-k13,MKNN,10,9.00,257.00,266.00,
X-n308-k13,MKNN,11,8.00,262.00,270.00,
X-n308-k13,MKNN,12,8.00,238.00,246.00,
X-n308-k13,MKNN,13,8.00,222.00,230.00,
X-n308-k13,MKNN,14,7.00,220.00,227.00,
X-n308-k13,MKNN,15,7.00,221.00,228.00,
X-n308-k13,MKNN,16,6.00,213.00,219.00,
X-n308-k13,MKNN,17,7.00,220.00,227.00,
X-n308-k13,MKNN,18,7.00,219.00,226.00,
X-n308-k13,MKNN,19,8.00,217.00,225.00,
X-n308-k13,MKNN,20,6.00,212.00,218.00,
X-n376-k94,MKNN,1,11.00,490.00,501.00,
X-n376-k94,MKNN,2,15.00,474.00,489.00,
X-n376-k94,MKNN,3,11.00,480.00,491.00,
X-n376-k94,MKNN,4,12.00,506.00,518.00,
X-n376-k94,MKNN,5,12.00,514.00,526.00,
X-n376-k94,MKNN,6,12.00,462.00,474.00,
X-n376-k94,MKNN,7,13.00,440.00,453.00,
X-n376-k94,MKNN,8,10.00,415.00,425.00,
X-n376-k94,MKNN,9,10.00,410.00,420.00,
X-n376-k94,MKNN,10,10.00,400.00,410.00,
X-n376-k94,MKNN,11,10.00,400.00,410.00,
X-n376-k94,MKNN,12,10.00,401.00,411.00,
X-n376-k94,MKNN,13,9.00,375.00,384.00,
X-n376-k94,MKNN,14,10.00,375.00,385.00,
X-n376-k94,MKNN,15,9.00,461.00,470.00,
X-n376-k94,MKNN,16,13.00,500.00,513.00,
X-n376-k94,MKNN,17,13.00,500.00,513.00,
X-n376-k94,MKNN,18,12.00,497.00,509.00,
X-n376-k94,MKNN,19,13.00,482.00,495.00,
X-n376-k94,MKNN,20,12.00,493.00,505.00,
X-n502-k39,MKNN,1,22.00,439.00,461.00,
X-n502-k39,MKNN,2,20.00,446.00,466.00,
X-n502-k39,MKNN,3,21.00,440.00,461.00,
X-n502-k39,MKNN,4,20.00,437.00,457.00,
X-n502-k39,MKNN,5,21.00,443.00,464.00,
X-n502-k39,MKNN,6,19.00,435.00,454.00,
X-n502-k39,MKNN,7,19.00,425.00,444.00,
X-n502-k39,MKNN,8,19.00,418.00,437.00,
X-n502-k39,MKNN,9,18.00,415.00,433.00,
X-n502-k39,MKNN,10,19.00,429.00,448.00,
X-n502-k39,MKNN,11,20.00,422.00,442.00,
X-n502-k39,MKNN,12,19.00,419.00,438.00,
X-n502-k39,MKNN,13,19.00,418.00,437.00,
X-n502-k39,MKNN,14,19.00,420.00,439.00,
X-n502-k39,MKNN,15,19.00,419.00,438.00,
X-n502-k39,MKNN,16,19.00,415.00,434.00,
X-n502-k39,MKNN,17,19.00,420.00,439.00,
X-n502-k39,MKNN,18,18.00,421.00,439.00,
X-n502-k39,MKNN,19,19.00,420.00,439.00,
X-n502-k39,MKNN,20,19.00,423.00,442.00,
X-n655-k131,MKNN,1,35.00,878.00,913.00,
X-n655-k131,MKNN,2,33.00,865.00,898.00,
X-n655-k131,MKNN,3,36.00,880.00,916.00,
X-n655-k131,MKNN,4,31.00,827.00,858.00,
X-n655-k131,MKNN,5,32.00,846.00,878.00,
X-n655-k131,MKNN,6,34.00,842.00,876.00,
X-n655-k131,MKNN,7,32.00,896.00,928.00,
X-n655-k131,MKNN,8,31.00,827.00,858.00,
X-n655-k131,MKNN,9,33.00,835.00,868.00,
X-n655-k131,MKNN,10,33.00,816.00,849.00,
X-n655-k131,MKNN,11,31.00,893.00,924.00,
X-n655-k131,MKNN,12,30.00,785.00,815.00,
X-n655-k131,MKNN,13,30.00,815.00,845.00,
X-n655-k131,MKNN,14,30.00,743.00,773.00,
X-n655-k131,MKNN,15,31.00,777.00,808.00,
X-n655-k131,MKNN,16,29.00,765.00,794.00,
X-n655-k131,MKNN,17,30.00,765.00,795.00,
X-n655-k131,MKNN,18,29.00,742.00,771.00,
X-n655-k131,MKNN,19,30.00,802.00,832.00,
X-n655-k131,MKNN,20,39.00,929.00,968.00,
X-n801-k40,MKNN,1,50.00,724.00,774.00,
X-n801-k40,MKNN,2,49.00,733.00,782.00,
X-n801-k40,MKNN,3,48.00,736.00,784.00,
X-n801-k40,MKNN,4,48.00,712.00,760.00,
X-n801-k40,MKNN,5,46.00,690.00,736.00,
X-n801-k40,MKNN,6,46.00,701.00,747.00,
X-n801-k40,MKNN,7,48.00,695.00,743.00,
X-n801-k40,MKNN,8,46.00,690.00,736.00,
X-n801-k40,MKNN,9,46.00,688.00,734.00,
X-n801-k40,MKNN,10,46.00,694.00,740.00,
X-n801-k40,MKNN,11,45.00,688.00,733.00,
X-n801-k40,MKNN,12,46.00,685.00,731.00,
X-n801-k40,MKNN,13,47.00,679.00,726.00,
X-n801-k40,MKNN,14,43.00,641.00,684.00,
X-n801-k40,MKNN,15,44.00,637.00,681.00,
X-n801-k40,MKNN,16,42.00,644.00,686.00,
X-n801-k40,MKNN,17,42.00,643.00,685.00,
X-n801-k40,MKNN,18,43.00,643.00,686.00,
X-n801-k40,MKNN,19,43.00,639.00,682.00,
X-n801-k40,MKNN,20,43.00,637.00,680.00,
X-n876-k59,MKNN,1,51.00,740.00,791.00,
X-n876-k59,MKNN,2,51.00,744.00,795.00,
X-n876-k59,MKNN,3,50.00,747.00,797.00,
X-n876-k59,MKNN,4,51.00,718.00,769.00,
X-n876-k59,MKNN,5,48.00,696.00,744.00,
X-n876-k59,MKNN,6,49.00,710.00,759.00,
X-n876-k59,MKNN,7,48.00,701.00,749.00,
X-n876-k59,MKNN,8,48.00,693.00,741.00,
X-n876-k59,MKNN,9,49.00,693.00,742.00,
X-n876-k59,MKNN,10,48.00,697.00,745.00,
X-n876-k59,MKNN,11,47.00,698.00,745.00,
X-n876-k59,MKNN,12,47.00,694.00,741.00,
X-n876-k59,MKNN,13,49.00,685.00,734.00,
X-n876-k59,MKNN,14,45.00,653.00,698.00,
X-n876-k59,MKNN,15,44.00,651.00,695.00,
X-n876-k59,MKNN,16,45.00,650.00,695.00,
X-n876-k59,MKNN,17,45.00,656.00,701.00,
X-n876-k59,MKNN,18,44.00,652.00,696.00,
X-n876-k59,MKNN,19,45.00,651.00,696.00,
X-n876-k59,MKNN,20,44.00,648.00,692.00,
X-n957-k87,MKNN,1,67.00,880.00,947.00,
X-n957-k87,MKNN,2,70.00,882.00,952.00,
X-n957-k87,MKNN,3,71.00,882.00,953.00,
X-n957-k87,MKNN,4,65.00,842.00,907.00,
X-n957-k87,MKNN,5,66.00,843.00,909.00,
X-n957-k87,MKNN,6,64.00,834.00,898.00,
X-n957-k87,MKNN,7,65.00,833.00,898.00,
X-n957-k87,MKNN,8,64.00,831.00,895.00,
X-n957-k87,MKNN,9,65.00,838.00,903.00,
X-n957-k87,MKNN,10,66.00,831.00,897.00,
X-n957-k87,MKNN,11,65.00,806.00,871.00,
X-n957-k87,MKNN,12,61.00,781.00,842.00,
X-n957-k87,MKNN,13,61.00,778.00,839.00,
X-n957-k87,MKNN,14,62.00,776.00,838.00,
X-n957-k87,MKNN,15,63.00,779.00,842.00,
X-n957-k87,MKNN,16,61.00,780.00,841.00,
X-n957-k87,MKNN,17,61.00,777.00,838.00,
X-n957-k87,MKNN,18,60.00,790.00,850.00,
X-n957-k87,MKNN,19,66.00,889.00,955.00,
X-n957-k87,MKNN,20,68.00,906.00,974.00,
X-n1001-k43,MKNN,1,68.00,851.00,919.00,
X-n1001-k43,MKNN,2,74.00,845.00,919.00,
X-n1001-k43,MKNN,3,74.00,863.00,937.00,
X-n1001-k43,MKNN,4,69.00,816.00,885.00,
X-n1001-k43,MKNN,5,68.00,799.00,867.00,
X-n1001-k43,MKNN,6,73.00,808.00,881.00,
X-n1001-k43,MKNN,7,68.00,801.00,869.00,
X-n1001-k43,MKNN,8,68.00,804.00,872.00,
X-n1001-k43,MKNN,9,69.00,801.00,870.00,
X-n1001-k43,MKNN,10,68.00,806.00,874.00,
X-n1001-k43,MKNN,11,68.00,794.00,862.00,
X-n1001-k43,MKNN,12,65.00,754.00,819.00,
X-n1001-k43,MKNN,13,63.00,751.00,814.00,
X-n1001-k43,MKNN,14,63.00,751.00,814.00,
X-n1001-k43,MKNN,15,64.00,752.00,816.00,
X-n1001-k43,MKNN,16,64.00,753.00,817.00,
X-n1001-k43,MKNN,17,64.00,750.00,814.00,
X-n1001-k43,MKNN,18,64.00,757.00,821.00,
X-n1001-k43,MKNN,19,63.00,808.00,871.00,
X-n1001-k43,MKNN,20,72.00,853.00,925.00,
X-n106-k14,CA-NN,1,1.00,102.00,103.00,
X-n106-k14,CA-NN,2,1.00,112.00,113.00,
X-n106-k14,CA-NN,3,1.00,101.00,102.00,
X-n106-k14,CA-NN,4,1.00,95.00,96.00,
X-n106-k14,CA-NN,5,1.00,103.00,104.00,
X-n106-k14,CA-NN,6,1.00,98.00,99.00,
X-n106-k14,CA-NN,7,1.00,100.00,101.00,
X-n106-k14,CA-NN,8,1.00,112.00,113.00,
X-n106-k14,CA-NN,9,1.00,100.00,101.00,
X-n106-k14,CA-NN,10,1.00,99.00,100.00,
X-n106-k14,CA-NN,11,1.00,101.00,102.00,
X-n106-k14,CA-NN,12,1.00,108.00,109.00,
X-n106-k14,CA-NN,13,2.00,100.00,102.00,
X-n106-k14,CA-NN,14,1.00,102.00,103.00,
X-n106-k14,CA-NN,15,1.00,99.00,100.00,
X-n106-k14,CA-NN,16,1.00,99.00,100.00,
X-n106-k14,CA-NN,17,1.00,99.00,100.00,
X-n106-k14,CA-NN,18,2.00,100.00,102.00,
X-n106-k14,CA-NN,19,1.00,102.00,103.00,
X-n106-k14,CA-NN,20,1.00,103.00,104.00,
X-n204-k19,CA-NN,1,5.00,182.00,187.00,
X-n204-k19,CA-NN,2,4.00,182.00,186.00,
X-n204-k19,CA-NN,3,3.00,185.00,188.00,
X-n204-k19,CA-NN,4,4.00,183.00,187.00,
X-n204-k19,CA-NN,5,3.00,182.00,185.00,
X-n204-k19,CA-NN,6,4.00,171.00,175.00,
X-n204-k19,CA-NN,7,5.00,184.00,189.00,
X-n204-k19,CA-NN,8,3.00,182.00,185.00,
X-n204-k19,CA-NN,9,3.00,179.00,182.00,
X-n204-k19,CA-NN,10,4.00,184.00,188.00,
X-n204-k19,CA-NN,11,4.00,190.00,194.00,
X-n204-k19,CA-NN,12,4.00,176.00,180.00,
X-n204-k19,CA-NN,13,3.00,162.00,165.00,
X-n204-k19,CA-NN,14,4.00,172.00,176.00,
X-n204-k19,CA-NN,15,4.00,166.00,170.00,
X-n204-k19,CA-NN,16,4.00,168.00,172.00,
X-n204-k19,CA-NN,17,3.00,166.00,169.00,
X-n204-k19,CA-NN,18,4.00,162.00,166.00,
X-n204-k19,CA-NN,19,3.00,175.00,178.00,
X-n204-k19,CA-NN,20,5.00,190.00,195.00,
X-n308-k13,CA-NN,1,7.00,253.00,260.00,
X-n308-k13,CA-NN,2,8.00,256.00,264.00,
X-n308-k13,CA-NN,3,7.00,252.00,259.00,
X-n308-k13,CA-NN,4,8.00,250.00,258.00,
X-n308-k13,CA-NN,5,7.00,251.00,258.00,
X-n308-k13,CA-NN,6,8.00,250.00,258.00,
X-n308-k13,CA-NN,7,7.00,255.00,262.00,
X-n308-k13,CA-NN,8,8.00,263.00,271.00,
X-n308-k13,CA-NN,9,6.00,232.00,238.00,
X-n308-k13,CA-NN,10,7.00,237.00,244.00,
X-n308-k13,CA-NN,11,7.00,230.00,237.00,
X-n308-k13,CA-NN,12,7.00,230.00,237.00,
X-n308-k13,CA-NN,13,6.00,227.00,233.00,
X-n308-k13,CA-NN,14,7.00,259.00,266.00,
X-n308-k13,CA-NN,15,8.00,244.00,252.00,
X-n308-k13,CA-NN,16,7.00,248.00,255.00,
X-n308-k13,CA-NN,17,7.00,265.00,272.00,
X-n308-k13,CA-NN,18,7.00,257.00,264.00,
X-n308-k13,CA-NN,19,7.00,250.00,257.00,
X-n308-k13,CA-NN,20,7.00,248.00,255.00,
X-n376-k94,CA-NN,1,12.00,422.00,434.00,
X-n376-k94,CA-NN,2,10.00,454.00,464.00,
X-n376-k94,CA-NN,3,12.00,456.00,468.00,
X-n376-k94,CA-NN,4,11.00,469.00,480.00,
X-n376-k94,CA-NN,5,11.00,478.00,489.00,
X-n376-k94,CA-NN,6,12.00,450.00,462.00,
X-n376-k94,CA-NN,7,12.00,467.00,479.00,
X-n376-k94,CA-NN,8,11.00,508.00,519.00,
X-n376-k94,CA-NN,9,14.00,581.00,595.00,
X-n376-k94,CA-NN,10,13.00,525.00,538.00,
X-n376-k94,CA-NN,11,14.00,553.00,567.00,
X-n376-k94,CA-NN,12,13.00,565.00,578.00,
X-n376-k94,CA-NN,13,14.00,577.00,591.00,
X-n376-k94,CA-NN,14,14.00,564.00,578.00,
X-n376-k94,CA-NN,15,12.00,558.00,570.00,
X-n376-k94,CA-NN,16,13.00,604.00,617.00,
X-n376-k94,CA-NN,17,14.00,557.00,571.00,
X-n376-k94,CA-NN,18,14.00,586.00,600.00,
X-n376-k94,CA-NN,19,13.00,529.00,542.00,
X-n376-k94,CA-NN,20,13.00,541.00,554.00,
X-n502-k39,CA-NN,1,17.00,365.00,382.00,
X-n502-k39,CA-NN,2,16.00,364.00,380.00,
X-n502-k39,CA-NN,3,16.00,367.00,383.00,
X-n502-k39,CA-NN,4,15.00,348.00,363.00,
X-n502-k39,CA-NN,5,16.00,355.00,371.00,
X-n502-k39,CA-NN,6,15.00,360.00,375.00,
X-n502-k39,CA-NN,7,16.00,370.00,386.00,
X-n502-k39,CA-NN,8,16.00,370.00,386.00,
X-n502-k39,CA-NN,9,16.00,350.00,366.00,
X-n502-k39,CA-NN,10,15.00,352.00,367.00,
X-n502-k39,CA-NN,11,15.00,359.00,374.00,
X-n502-k39,CA-NN,12,15.00,348.00,363.00,
X-n502-k39,CA-NN,13,15.00,348.00,363.00,
X-n502-k39,CA-NN,14,15.00,350.00,365.00,
X-n502-k39,CA-NN,15,15.00,349.00,364.00,
X-n502-k39,CA-NN,16,16.00,350.00,366.00,
X-n502-k39,CA-NN,17,15.00,347.00,362.00,
X-n502-k39,CA-NN,18,15.00,343.00,358.00,
X-n502-k39,CA-NN,19,16.00,348.00,364.00,
X-n502-k39,CA-NN,20,14.00,351.00,365.00,
X-n655-k131,CA-NN,1,34.00,807.00,841.00,
X-n655-k131,CA-NN,2,30.00,850.00,880.00,
X-n655-k131,CA-NN,3,30.00,942.00,972.00,
X-n655-k131,CA-NN,4,30.00,794.00,824.00,
X-n655-k131,CA-NN,5,30.00,846.00,876.00,
X-n655-k131,CA-NN,6,31.00,800.00,831.00,
X-n655-k131,CA-NN,7,27.00,729.00,756.00,
X-n655-k131,CA-NN,8,27.00,741.00,768.00,
X-n655-k131,CA-NN,9,28.00,769.00,797.00,
X-n655-k131,CA-NN,10,28.00,765.00,793.00,
X-n655-k131,CA-NN,11,28.00,730.00,758.00,
X-n655-k131,CA-NN,12,28.00,720.00,748.00,
X-n655-k131,CA-NN,13,28.00,771.00,799.00,
X-n655-k131,CA-NN,14,28.00,840.00,868.00,
X-n655-k131,CA-NN,15,30.00,802.00,832.00,
X-n655-k131,CA-NN,16,30.00,808.00,838.00,
X-n655-k131,CA-NN,17,31.00,800.00,831.00,
X-n655-k131,CA-NN,18,31.00,813.00,844.00,
X-n655-k131,CA-NN,19,31.00,841.00,872.00,
X-n655-k131,CA-NN,20,32.00,820.00,852.00,
X-n801-k40,CA-NN,1,50.00,701.00,751.00,
X-n801-k40,CA-NN,2,46.00,689.00,735.00,
X-n801-k40,CA-NN,3,46.00,687.00,733.00,
X-n801-k40,CA-NN,4,46.00,682.00,728.00,
X-n801-k40,CA-NN,5,45.00,683.00,728.00,
X-n801-k40,CA-NN,6,49.00,672.00,721.00,
X-n801-k40,CA-NN,7,45.00,659.00,704.00,
X-n801-k40,CA-NN,8,42.00,625.00,667.00,
X-n801-k40,CA-NN,9,42.00,622.00,664.00,
X-n801-k40,CA-NN,10,43.00,630.00,673.00,
X-n801-k40,CA-NN,11,42.00,627.00,669.00,
X-n801-k40,CA-NN,12,42.00,621.00,663.00,
X-n801-k40,CA-NN,13,42.00,620.00,662.00,
X-n801-k40,CA-NN,14,42.00,622.00,664.00,
X-n801-k40,CA-NN,15,43.00,621.00,664.00,
X-n801-k40,CA-NN,16,43.00,668.00,711.00,
X-n801-k40,CA-NN,17,47.00,688.00,735.00,
X-n801-k40,CA-NN,18,47.00,681.00,728.00,
X-n801-k40,CA-NN,19,46.00,679.00,725.00,
X-n801-k40,CA-NN,20,47.00,681.00,728.00,
X-n876-k59,CA-NN,1,48.00,710.00,758.00,
X-n876-k59,CA-NN,2,47.00,689.00,736.00,
X-n876-k59,CA-NN,3,45.00,692.00,737.00,
X-n876-k59,CA-NN,4,45.00,687.00,732.00,
X-n876-k59,CA-NN,5,45.00,687.00,732.00,
X-n876-k59,CA-NN,6,50.00,677.00,727.00,
X-n876-k59,CA-NN,7,45.00,664.00,709.00,
X-n876-k59,CA-NN,8,42.00,628.00,670.00,
X-n876-k59,CA-NN,9,42.00,629.00,671.00,
X-n876-k59,CA-NN,10,42.00,631.00,673.00,
X-n876-k59,CA-NN,11,42.00,628.00,670.00,
X-n876-k59,CA-NN,12,42.00,629.00,671.00,
X-n876-k59,CA-NN,13,42.00,626.00,668.00,
X-n876-k59,CA-NN,14,42.00,628.00,670.00,
X-n876-k59,CA-NN,15,42.00,629.00,671.00,
X-n876-k59,CA-NN,16,42.00,682.00,724.00,
X-n876-k59,CA-NN,17,47.00,695.00,742.00,
X-n876-k59,CA-NN,18,45.00,686.00,731.00,
X-n876-k59,CA-NN,19,46.00,685.00,731.00,
X-n876-k59,CA-NN,20,46.00,684.00,730.00,
X-n957-k87,CA-NN,1,64.00,816.00,880.00,
X-n957-k87,CA-NN,2,71.00,840.00,911.00,
X-n957-k87,CA-NN,3,64.00,833.00,897.00,
X-n957-k87,CA-NN,4,64.00,830.00,894.00,
X-n957-k87,CA-NN,5,65.00,829.00,894.00,
X-n957-k87,CA-NN,6,64.00,804.00,868.00,
X-n957-k87,CA-NN,7,61.00,759.00,820.00,
X-n957-k87,CA-NN,8,61.00,760.00,821.00,
X-n957-k87,CA-NN,9,61.00,762.00,823.00,
X-n957-k87,CA-NN,10,60.00,762.00,822.00,
X-n957-k87,CA-NN,11,60.00,760.00,820.00,
X-n957-k87,CA-NN,12,61.00,760.00,821.00,
X-n957-k87,CA-NN,13,60.00,768.00,828.00,
X-n957-k87,CA-NN,14,67.00,853.00,920.00,
X-n957-k87,CA-NN,15,67.00,823.00,890.00,
X-n957-k87,CA-NN,16,66.00,817.00,883.00,
X-n957-k87,CA-NN,17,66.00,816.00,882.00,
X-n957-k87,CA-NN,18,66.00,855.00,921.00,
X-n957-k87,CA-NN,19,69.00,871.00,940.00,
X-n957-k87,CA-NN,20,65.00,875.00,940.00,
X-n1001-k43,CA-NN,1,63.00,752.00,815.00,
X-n1001-k43,CA-NN,2,71.00,790.00,861.00,
X-n1001-k43,CA-NN,3,66.00,782.00,848.00,
X-n1001-k43,CA-NN,4,66.00,778.00,844.00,
X-n1001-k43,CA-NN,5,67.00,780.00,847.00,
X-n1001-k43,CA-NN,6,67.00,766.00,833.00,
X-n1001-k43,CA-NN,7,66.00,724.00,790.00,
X-n1001-k43,CA-NN,8,62.00,708.00,770.00,
X-n1001-k43,CA-NN,9,63.00,714.00,777.00,
X-n1001-k43,CA-NN,10,62.00,712.00,774.00,
X-n1001-k43,CA-NN,11,62.00,714.00,776.00,
X-n1001-k43,CA-NN,12,62.00,708.00,770.00,
X-n1001-k43,CA-NN,13,62.00,710.00,772.00,
X-n1001-k43,CA-NN,14,62.00,733.00,795.00,
X-n1001-k43,CA-NN,15,77.00,789.00,866.00,
X-n1001-k43,CA-NN,16,69.00,775.00,844.00,
X-n1001-k43,CA-NN,17,69.00,774.00,843.00,
X-n1001-k43,CA-NN,18,68.00,777.00,845.00,
X-n1001-k43,CA-NN,19,68.00,798.00,866.00,
X-n1001-k43,CA-NN,20,67.00,818.00,885.00,
X-n106-k14,HSI-Bal,1,2.00,106.00,108.00,
X-n106-k14,HSI-Bal,2,2.00,102.00,104.00,
X-n106-k14,HSI-Bal,3,1.00,106.00,107.00,
X-n106-k14,HSI-Bal,4,2.00,102.00,104.00,
X-n106-k14,HSI-Bal,5,2.00,109.00,111.00,
X-n106-k14,HSI-Bal,6,1.00,104.00,105.00,
X-n106-k14,HSI-Bal,7,2.00,109.00,111.00,
X-n106-k14,HSI-Bal,8,2.00,102.00,104.00,
X-n106-k14,HSI-Bal,9,1.00,103.00,104.00,
X-n106-k14,HSI-Bal,10,1.00,100.00,101.00,
X-n106-k14,HSI-Bal,11,1.00,105.00,106.00,
X-n106-k14,HSI-Bal,12,1.00,116.00,117.00,
X-n106-k14,HSI-Bal,13,1.00,117.00,118.00,
X-n106-k14,HSI-Bal,14,1.00,121.00,122.00,
X-n106-k14,HSI-Bal,15,1.00,119.00,120.00,
X-n106-k14,HSI-Bal,16,2.00,118.00,120.00,
X-n106-k14,HSI-Bal,17,2.00,119.00,121.00,
X-n106-k14,HSI-Bal,18,2.00,118.00,120.00,
X-n106-k14,HSI-Bal,19,1.00,122.00,123.00,
X-n106-k14,HSI-Bal,20,1.00,120.00,121.00,
X-n204-k19,HSI-Bal,1,4.00,174.00,178.00,
X-n204-k19,HSI-Bal,2,4.00,174.00,178.00,
X-n204-k19,HSI-Bal,3,4.00,172.00,176.00,
X-n204-k19,HSI-Bal,4,4.00,173.00,177.00,
X-n204-k19,HSI-Bal,5,3.00,175.00,178.00,
X-n204-k19,HSI-Bal,6,3.00,175.00,178.00,
X-n204-k19,HSI-Bal,7,3.00,177.00,180.00,
X-n204-k19,HSI-Bal,8,3.00,177.00,180.00,
X-n204-k19,HSI-Bal,9,3.00,179.00,182.00,
X-n204-k19,HSI-Bal,10,3.00,175.00,178.00,
X-n204-k19,HSI-Bal,11,3.00,185.00,188.00,
X-n204-k19,HSI-Bal,12,3.00,184.00,187.00,
X-n204-k19,HSI-Bal,13,3.00,185.00,188.00,
X-n204-k19,HSI-Bal,14,4.00,194.00,198.00,
X-n204-k19,HSI-Bal,15,3.00,183.00,186.00,
X-n204-k19,HSI-Bal,16,4.00,179.00,183.00,
X-n204-k19,HSI-Bal,17,4.00,195.00,199.00,
X-n204-k19,HSI-Bal,18,4.00,207.00,211.00,
X-n204-k19,HSI-Bal,19,4.00,210.00,214.00,
X-n204-k19,HSI-Bal,20,5.00,211.00,216.00,
X-n308-k13,HSI-Bal,1,6.00,244.00,250.00,
X-n308-k13,HSI-Bal,2,6.00,243.00,249.00,
X-n308-k13,HSI-Bal,3,5.00,245.00,250.00,
X-n308-k13,HSI-Bal,4,6.00,249.00,255.00,
X-n308-k13,HSI-Bal,5,6.00,244.00,250.00,
X-n308-k13,HSI-Bal,6,6.00,248.00,254.00,
X-n308-k13,HSI-Bal,7,6.00,245.00,251.00,
X-n308-k13,HSI-Bal,8,5.00,253.00,258.00,
X-n308-k13,HSI-Bal,9,6.00,258.00,264.00,
X-n308-k13,HSI-Bal,10,5.00,267.00,272.00,
X-n308-k13,HSI-Bal,11,7.00,256.00,263.00,
X-n308-k13,HSI-Bal,12,6.00,261.00,267.00,
X-n308-k13,HSI-Bal,13,8.00,291.00,299.00,
X-n308-k13,HSI-Bal,14,7.00,296.00,303.00,
X-n308-k13,HSI-Bal,15,7.00,296.00,303.00,
X-n308-k13,HSI-Bal,16,7.00,281.00,288.00,
X-n308-k13,HSI-Bal,17,7.00,287.00,294.00,
X-n308-k13,HSI-Bal,18,8.00,299.00,307.00,
X-n308-k13,HSI-Bal,19,7.00,303.00,310.00,
X-n308-k13,HSI-Bal,20,7.00,299.00,306.00,
X-n376-k94,HSI-Bal,1,17.00,480.00,497.00,
X-n376-k94,HSI-Bal,2,16.00,468.00,484.00,
X-n376-k94,HSI-Bal,3,16.00,468.00,484.00,
X-n376-k94,HSI-Bal,4,16.00,477.00,493.00,
X-n376-k94,HSI-Bal,5,15.00,458.00,473.00,
X-n376-k94,HSI-Bal,6,16.00,476.00,492.00,
X-n376-k94,HSI-Bal,7,16.00,490.00,506.00,
X-n376-k94,HSI-Bal,8,14.00,492.00,506.00,
X-n376-k94,HSI-Bal,9,17.00,480.00,497.00,
X-n376-k94,HSI-Bal,10,15.00,465.00,480.00,
X-n376-k94,HSI-Bal,11,15.00,442.00,457.00,
X-n376-k94,HSI-Bal,12,15.00,442.00,457.00,
X-n376-k94,HSI-Bal,13,14.00,448.00,462.00,
X-n376-k94,HSI-Bal,14,16.00,491.00,507.00,
X-n376-k94,HSI-Bal,15,15.00,461.00,476.00,
X-n376-k94,HSI-Bal,16,16.00,482.00,498.00,
X-n376-k94,HSI-Bal,17,15.00,469.00,484.00,
X-n376-k94,HSI-Bal,18,15.00,486.00,501.00,
X-n376-k94,HSI-Bal,19,15.00,480.00,495.00,
X-n376-k94,HSI-Bal,20,16.00,478.00,494.00,
X-n502-k39,HSI-Bal,1,16.00,458.00,474.00,
X-n502-k39,HSI-Bal,2,19.00,489.00,508.00,
X-n502-k39,HSI-Bal,3,19.00,460.00,479.00,
X-n502-k39,HSI-Bal,4,16.00,471.00,487.00,
X-n502-k39,HSI-Bal,5,16.00,474.00,490.00,
X-n502-k39,HSI-Bal,6,17.00,453.00,470.00,
X-n502-k39,HSI-Bal,7,16.00,459.00,475.00,
X-n502-k39,HSI-Bal,8,16.00,450.00,466.00,
X-n502-k39,HSI-Bal,9,16.00,394.00,410.00,
X-n502-k39,HSI-Bal,10,13.00,391.00,404.00,
X-n502-k39,HSI-Bal,11,15.00,412.00,427.00,
X-n502-k39,HSI-Bal,12,15.00,413.00,428.00,
X-n502-k39,HSI-Bal,13,15.00,418.00,433.00,
X-n502-k39,HSI-Bal,14,16.00,423.00,439.00,
X-n502-k39,HSI-Bal,15,15.00,440.00,455.00,
X-n502-k39,HSI-Bal,16,17.00,441.00,458.00,
X-n502-k39,HSI-Bal,17,15.00,472.00,487.00,
X-n502-k39,HSI-Bal,18,19.00,499.00,518.00,
X-n502-k39,HSI-Bal,19,18.00,473.00,491.00,
X-n502-k39,HSI-Bal,20,17.00,512.00,529.00,
X-n655-k131,HSI-Bal,1,43.00,904.00,947.00,
X-n655-k131,HSI-Bal,2,41.00,900.00,941.00,
X-n655-k131,HSI-Bal,3,38.00,860.00,898.00,
X-n655-k131,HSI-Bal,4,39.00,877.00,916.00,
X-n655-k131,HSI-Bal,5,40.00,939.00,979.00,
X-n655-k131,HSI-Bal,6,39.00,883.00,922.00,
X-n655-k131,HSI-Bal,7,37.00,831.00,868.00,
X-n655-k131,HSI-Bal,8,40.00,916.00,956.00,
X-n655-k131,HSI-Bal,9,38.00,871.00,909.00,
X-n655-k131,HSI-Bal,10,39.00,864.00,903.00,
X-n655-k131,HSI-Bal,11,41.00,883.00,924.00,
X-n655-k131,HSI-Bal,12,39.00,783.00,822.00,
X-n655-k131,HSI-Bal,13,34.00,821.00,855.00,
X-n655-k131,HSI-Bal,14,34.00,823.00,857.00,
X-n655-k131,HSI-Bal,15,41.00,835.00,876.00,
X-n655-k131,HSI-Bal,16,37.00,942.00,979.00,
X-n655-k131,HSI-Bal,17,41.00,935.00,976.00,
X-n655-k131,HSI-Bal,18,41.00,874.00,915.00,
X-n655-k131,HSI-Bal,19,33.00,801.00,834.00,
X-n655-k131,HSI-Bal,20,37.00,784.00,821.00,
X-n801-k40,HSI-Bal,1,32.00,712.00,744.00,
X-n801-k40,HSI-Bal,2,34.00,728.00,762.00,
X-n801-k40,HSI-Bal,3,36.00,713.00,749.00,
X-n801-k40,HSI-Bal,4,33.00,717.00,750.00,
X-n801-k40,HSI-Bal,5,32.00,715.00,747.00,
X-n801-k40,HSI-Bal,6,35.00,713.00,748.00,
X-n801-k40,HSI-Bal,7,34.00,694.00,728.00,
X-n801-k40,HSI-Bal,8,32.00,671.00,703.00,
X-n801-k40,HSI-Bal,9,32.00,702.00,734.00,
X-n801-k40,HSI-Bal,10,33.00,721.00,754.00,
X-n801-k40,HSI-Bal,11,33.00,709.00,742.00,
X-n801-k40,HSI-Bal,12,35.00,706.00,741.00,
X-n801-k40,HSI-Bal,13,33.00,711.00,744.00,
X-n801-k40,HSI-Bal,14,34.00,705.00,739.00,
X-n801-k40,HSI-Bal,15,34.00,651.00,685.00,
X-n801-k40,HSI-Bal,16,30.00,629.00,659.00,
X-n801-k40,HSI-Bal,17,29.00,655.00,684.00,
X-n801-k40,HSI-Bal,18,33.00,745.00,778.00,
X-n801-k40,HSI-Bal,19,35.00,722.00,757.00,
X-n801-k40,HSI-Bal,20,37.00,772.00,809.00,
X-n876-k59,HSI-Bal,1,45.00,717.00,762.00,
X-n876-k59,HSI-Bal,2,49.00,731.00,780.00,
X-n876-k59,HSI-Bal,3,52.00,722.00,774.00,
X-n876-k59,HSI-Bal,4,49.00,719.00,768.00,
X-n876-k59,HSI-Bal,5,48.00,727.00,775.00,
X-n876-k59,HSI-Bal,6,50.00,717.00,767.00,
X-n876-k59,HSI-Bal,7,48.00,701.00,749.00,
X-n876-k59,HSI-Bal,8,47.00,678.00,725.00,
X-n876-k59,HSI-Bal,9,48.00,708.00,756.00,
X-n876-k59,HSI-Bal,10,49.00,726.00,775.00,
X-n876-k59,HSI-Bal,11,50.00,713.00,763.00,
X-n876-k59,HSI-Bal,12,48.00,715.00,763.00,
X-n876-k59,HSI-Bal,13,48.00,721.00,769.00,
X-n876-k59,HSI-Bal,14,50.00,699.00,749.00,
X-n876-k59,HSI-Bal,15,46.00,642.00,688.00,
X-n876-k59,HSI-Bal,16,43.00,633.00,676.00,
X-n876-k59,HSI-Bal,17,43.00,707.00,750.00,
X-n876-k59,HSI-Bal,18,53.00,737.00,790.00,
X-n876-k59,HSI-Bal,19,47.00,766.00,813.00,
X-n876-k59,HSI-Bal,20,57.00,762.00,819.00,
X-n957-k87,HSI-Bal,1,54.00,884.00,938.00,
X-n957-k87,HSI-Bal,2,56.00,894.00,950.00,
X-n957-k87,HSI-Bal,3,56.00,875.00,931.00,
X-n957-k87,HSI-Bal,4,55.00,883.00,938.00,
X-n957-k87,HSI-Bal,5,56.00,874.00,930.00,
X-n957-k87,HSI-Bal,6,54.00,844.00,898.00,
X-n957-k87,HSI-Bal,7,54.00,833.00,887.00,
X-n957-k87,HSI-Bal,8,57.00,894.00,951.00,
X-n957-k87,HSI-Bal,9,56.00,868.00,924.00,
X-n957-k87,HSI-Bal,10,55.00,874.00,929.00,
X-n957-k87,HSI-Bal,11,58.00,873.00,931.00,
X-n957-k87,HSI-Bal,12,55.00,822.00,877.00,
X-n957-k87,HSI-Bal,13,50.00,774.00,824.00,
X-n957-k87,HSI-Bal,14,49.00,860.00,909.00,
X-n957-k87,HSI-Bal,15,59.00,885.00,944.00,
X-n957-k87,HSI-Bal,16,56.00,954.00,1010.00,
X-n957-k87,HSI-Bal,17,58.00,924.00,982.00,
X-n957-k87,HSI-Bal,18,59.00,814.00,873.00,
X-n957-k87,HSI-Bal,19,51.00,841.00,892.00,
X-n957-k87,HSI-Bal,20,55.00,843.00,898.00,
X-n1001-k43,HSI-Bal,1,48.00,819.00,867.00,
X-n1001-k43,HSI-Bal,2,56.00,834.00,890.00,
X-n1001-k43,HSI-Bal,3,55.00,823.00,878.00,
X-n1001-k43,HSI-Bal,4,53.00,830.00,883.00,
X-n1001-k43,HSI-Bal,5,52.00,830.00,882.00,
X-n1001-k43,HSI-Bal,6,55.00,814.00,869.00,
X-n1001-k43,HSI-Bal,7,51.00,781.00,832.00,
X-n1001-k43,HSI-Bal,8,51.00,814.00,865.00,
X-n1001-k43,HSI-Bal,9,54.00,832.00,886.00,
X-n1001-k43,HSI-Bal,10,53.00,817.00,870.00,
X-n1001-k43,HSI-Bal,11,53.00,820.00,873.00,
X-n1001-k43,HSI-Bal,12,56.00,815.00,871.00,
X-n1001-k43,HSI-Bal,13,54.00,750.00,804.00,
X-n1001-k43,HSI-Bal,14,48.00,725.00,773.00,
X-n1001-k43,HSI-Bal,15,47.00,812.00,859.00,
X-n1001-k43,HSI-Bal,16,58.00,833.00,891.00,
X-n1001-k43,HSI-Bal,17,55.00,897.00,952.00,
X-n1001-k43,HSI-Bal,18,55.00,868.00,923.00,
X-n1001-k43,HSI-Bal,19,57.00,797.00,854.00,
X-n1001-k43,HSI-Bal,20,46.00,772.00,818.00,
X-n106-k14,HSI-Low,1,2.00,121.00,123.00,
X-n106-k14,HSI-Low,2,2.00,130.00,132.00,
X-n106-k14,HSI-Low,3,2.00,123.00,125.00,
X-n106-k14,HSI-Low,4,2.00,122.00,124.00,
X-n106-k14,HSI-Low,5,1.00,123.00,124.00,
X-n106-k14,HSI-Low,6,2.00,130.00,132.00,
X-n106-k14,HSI-Low,7,1.00,123.00,124.00,
X-n106-k14,HSI-Low,8,1.00,120.00,121.00,
X-n106-k14,HSI-Low,9,2.00,121.00,123.00,
X-n106-k14,HSI-Low,10,1.00,123.00,124.00,
X-n106-k14,HSI-Low,11,1.00,124.00,125.00,
X-n106-k14,HSI-Low,12,1.00,124.00,125.00,
X-n106-k14,HSI-Low,13,1.00,123.00,124.00,
X-n106-k14,HSI-Low,14,1.00,125.00,126.00,
X-n106-k14,HSI-Low,15,1.00,122.00,123.00,
X-n106-k14,HSI-Low,16,1.00,121.00,122.00,
X-n106-k14,HSI-Low,17,1.00,116.00,117.00,
X-n106-k14,HSI-Low,18,2.00,116.00,118.00,
X-n106-k14,HSI-Low,19,1.00,108.00,109.00,
X-n106-k14,HSI-Low,20,2.00,109.00,111.00,
X-n204-k19,HSI-Low,1,4.00,222.00,226.00,
X-n204-k19,HSI-Low,2,4.00,221.00,225.00,
X-n204-k19,HSI-Low,3,3.00,222.00,225.00,
X-n204-k19,HSI-Low,4,4.00,219.00,223.00,
X-n204-k19,HSI-Low,5,4.00,222.00,226.00,
X-n204-k19,HSI-Low,6,3.00,218.00,221.00,
X-n204-k19,HSI-Low,7,3.00,220.00,223.00,
X-n204-k19,HSI-Low,8,4.00,221.00,225.00,
X-n204-k19,HSI-Low,9,3.00,235.00,238.00,
X-n204-k19,HSI-Low,10,3.00,228.00,231.00,
X-n204-k19,HSI-Low,11,3.00,214.00,217.00,
X-n204-k19,HSI-Low,12,3.00,210.00,213.00,
X-n204-k19,HSI-Low,13,2.00,200.00,202.00,
X-n204-k19,HSI-Low,14,3.00,203.00,206.00,
X-n204-k19,HSI-Low,15,2.00,194.00,196.00,
X-n204-k19,HSI-Low,16,2.00,186.00,188.00,
X-n204-k19,HSI-Low,17,3.00,185.00,188.00,
X-n204-k19,HSI-Low,18,3.00,186.00,189.00,
X-n204-k19,HSI-Low,19,3.00,184.00,187.00,
X-n204-k19,HSI-Low,20,3.00,191.00,194.00,
X-n308-k13,HSI-Low,1,7.00,342.00,349.00,
X-n308-k13,HSI-Low,2,6.00,362.00,368.00,
X-n308-k13,HSI-Low,3,6.00,358.00,364.00,
X-n308-k13,HSI-Low,4,6.00,353.00,359.00,
X-n308-k13,HSI-Low,5,5.00,341.00,346.00,
X-n308-k13,HSI-Low,6,5.00,350.00,355.00,
X-n308-k13,HSI-Low,7,5.00,346.00,351.00,
X-n308-k13,HSI-Low,8,6.00,336.00,342.00,
X-n308-k13,HSI-Low,9,6.00,331.00,337.00,
X-n308-k13,HSI-Low,10,5.00,331.00,336.00,
X-n308-k13,HSI-Low,11,5.00,337.00,342.00,
X-n308-k13,HSI-Low,12,5.00,332.00,337.00,
X-n308-k13,HSI-Low,13,5.00,331.00,336.00,
X-n308-k13,HSI-Low,14,5.00,335.00,340.00,
X-n308-k13,HSI-Low,15,5.00,334.00,339.00,
X-n308-k13,HSI-Low,16,5.00,328.00,333.00,
X-n308-k13,HSI-Low,17,5.00,332.00,337.00,
X-n308-k13,HSI-Low,18,5.00,324.00,329.00,
X-n308-k13,HSI-Low,19,5.00,306.00,311.00,
X-n308-k13,HSI-Low,20,4.00,320.00,324.00,
X-n376-k94,HSI-Low,1,24.00,606.00,630.00,
X-n376-k94,HSI-Low,2,26.00,650.00,676.00,
X-n376-k94,HSI-Low,3,26.00,634.00,660.00,
X-n376-k94,HSI-Low,4,25.00,619.00,644.00,
X-n376-k94,HSI-Low,5,24.00,624.00,648.00,
X-n376-k94,HSI-Low,6,24.00,582.00,606.00,
X-n376-k94,HSI-Low,7,23.00,645.00,668.00,
X-n376-k94,HSI-Low,8,24.00,570.00,594.00,
X-n376-k94,HSI-Low,9,24.00,601.00,625.00,
X-n376-k94,HSI-Low,10,25.00,562.00,587.00,
X-n376-k94,HSI-Low,11,22.00,572.00,594.00,
X-n376-k94,HSI-Low,12,22.00,543.00,565.00,
X-n376-k94,HSI-Low,13,20.00,545.00,565.00,
X-n376-k94,HSI-Low,14,22.00,545.00,567.00,
X-n376-k94,HSI-Low,15,21.00,522.00,543.00,
X-n376-k94,HSI-Low,16,20.00,512.00,532.00,
X-n376-k94,HSI-Low,17,20.00,525.00,545.00,
X-n376-k94,HSI-Low,18,21.00,508.00,529.00,
X-n376-k94,HSI-Low,19,20.00,517.00,537.00,
X-n376-k94,HSI-Low,20,21.00,513.00,534.00,
X-n502-k39,HSI-Low,1,15.00,560.00,575.00,
X-n502-k39,HSI-Low,2,16.00,584.00,600.00,
X-n502-k39,HSI-Low,3,16.00,578.00,594.00,
X-n502-k39,HSI-Low,4,14.00,572.00,586.00,
X-n502-k39,HSI-Low,5,15.00,573.00,588.00,
X-n502-k39,HSI-Low,6,15.00,561.00,576.00,
X-n502-k39,HSI-Low,7,14.00,558.00,572.00,
X-n502-k39,HSI-Low,8,14.00,558.00,572.00,
X-n502-k39,HSI-Low,9,14.00,559.00,573.00,
X-n502-k39,HSI-Low,10,15.00,562.00,577.00,
X-n502-k39,HSI-Low,11,14.00,549.00,563.00,
X-n502-k39,HSI-Low,12,13.00,535.00,548.00,
X-n502-k39,HSI-Low,13,13.00,516.00,529.00,
X-n502-k39,HSI-Low,14,13.00,495.00,508.00,
X-n502-k39,HSI-Low,15,13.00,523.00,536.00,
X-n502-k39,HSI-Low,16,13.00,484.00,497.00,
X-n502-k39,HSI-Low,17,12.00,485.00,497.00,
X-n502-k39,HSI-Low,18,12.00,485.00,497.00,
X-n502-k39,HSI-Low,19,12.00,482.00,494.00,
X-n502-k39,HSI-Low,20,13.00,481.00,494.00,
X-n655-k131,HSI-Low,1,37.00,747.00,784.00,
X-n655-k131,HSI-Low,2,38.00,743.00,781.00,
X-n655-k131,HSI-Low,3,38.00,759.00,797.00,
X-n655-k131,HSI-Low,4,36.00,733.00,769.00,
X-n655-k131,HSI-Low,5,37.00,727.00,764.00,
X-n655-k131,HSI-Low,6,40.00,805.00,845.00,
X-n655-k131,HSI-Low,7,41.00,778.00,819.00,
X-n655-k131,HSI-Low,8,38.00,743.00,781.00,
X-n655-k131,HSI-Low,9,39.00,760.00,799.00,
X-n655-k131,HSI-Low,10,40.00,805.00,845.00,
X-n655-k131,HSI-Low,11,40.00,757.00,797.00,
X-n655-k131,HSI-Low,12,39.00,751.00,790.00,
X-n655-k131,HSI-Low,13,38.00,720.00,758.00,
X-n655-k131,HSI-Low,14,38.00,750.00,788.00,
X-n655-k131,HSI-Low,15,38.00,768.00,806.00,
X-n655-k131,HSI-Low,16,41.00,807.00,848.00,
X-n655-k131,HSI-Low,17,41.00,760.00,801.00,
X-n655-k131,HSI-Low,18,39.00,731.00,770.00,
X-n655-k131,HSI-Low,19,37.00,701.00,738.00,
X-n655-k131,HSI-Low,20,37.00,732.00,769.00,
X-n801-k40,HSI-Low,1,24.00,915.00,939.00,
X-n801-k40,HSI-Low,2,26.00,935.00,961.00,
X-n801-k40,HSI-Low,3,24.00,932.00,956.00,
X-n801-k40,HSI-Low,4,24.00,910.00,934.00,
X-n801-k40,HSI-Low,5,23.00,907.00,930.00,
X-n801-k40,HSI-Low,6,24.00,908.00,932.00,
X-n801-k40,HSI-Low,7,24.00,895.00,919.00,
X-n801-k40,HSI-Low,8,23.00,848.00,871.00,
X-n801-k40,HSI-Low,9,21.00,825.00,846.00,
X-n801-k40,HSI-Low,10,23.00,797.00,820.00,
X-n801-k40,HSI-Low,11,22.00,782.00,804.00,
X-n801-k40,HSI-Low,12,21.00,779.00,800.00,
X-n801-k40,HSI-Low,13,20.00,784.00,804.00,
X-n801-k40,HSI-Low,14,21.00,743.00,764.00,
X-n801-k40,HSI-Low,15,19.00,692.00,711.00,
X-n801-k40,HSI-Low,16,18.00,656.00,674.00,
X-n801-k40,HSI-Low,17,17.00,630.00,647.00,
X-n801-k40,HSI-Low,18,17.00,627.00,644.00,
X-n801-k40,HSI-Low,19,18.00,644.00,662.00,
X-n801-k40,HSI-Low,20,17.00,626.00,643.00,
X-n876-k59,HSI-Low,1,53.00,933.00,986.00,
X-n876-k59,HSI-Low,2,70.00,946.00,1016.00,
X-n876-k59,HSI-Low,3,71.00,952.00,1023.00,
X-n876-k59,HSI-Low,4,65.00,938.00,1003.00,
X-n876-k59,HSI-Low,5,63.00,937.00,1000.00,
X-n876-k59,HSI-Low,6,63.00,934.00,997.00,
X-n876-k59,HSI-Low,7,63.00,896.00,959.00,
X-n876-k59,HSI-Low,8,58.00,831.00,889.00,
X-n876-k59,HSI-Low,9,58.00,846.00,904.00,
X-n876-k59,HSI-Low,10,55.00,804.00,859.00,
X-n876-k59,HSI-Low,11,55.00,803.00,858.00,
X-n876-k59,HSI-Low,12,54.00,806.00,860.00,
X-n876-k59,HSI-Low,13,56.00,778.00,834.00,
X-n876-k59,HSI-Low,14,52.00,718.00,770.00,
X-n876-k59,HSI-Low,15,46.00,672.00,718.00,
X-n876-k59,HSI-Low,16,45.00,641.00,686.00,
X-n876-k59,HSI-Low,17,44.00,644.00,688.00,
X-n876-k59,HSI-Low,18,43.00,661.00,704.00,
X-n876-k59,HSI-Low,19,44.00,640.00,684.00,
X-n876-k59,HSI-Low,20,43.00,639.00,682.00,
X-n957-k87,HSI-Low,1,63.00,1096.00,1159.00,
X-n957-k87,HSI-Low,2,54.00,1092.00,1146.00,
X-n957-k87,HSI-Low,3,56.00,969.00,1025.00,
X-n957-k87,HSI-Low,4,47.00,907.00,954.00,
X-n957-k87,HSI-Low,5,47.00,836.00,883.00,
X-n957-k87,HSI-Low,6,45.00,815.00,860.00,
X-n957-k87,HSI-Low,7,40.00,780.00,820.00,
X-n957-k87,HSI-Low,8,38.00,773.00,811.00,
X-n957-k87,HSI-Low,9,37.00,738.00,775.00,
X-n957-k87,HSI-Low,10,40.00,824.00,864.00,
X-n957-k87,HSI-Low,11,40.00,792.00,832.00,
X-n957-k87,HSI-Low,12,39.00,752.00,791.00,
X-n957-k87,HSI-Low,13,36.00,743.00,779.00,
X-n957-k87,HSI-Low,14,37.00,729.00,766.00,
X-n957-k87,HSI-Low,15,34.00,709.00,743.00,
X-n957-k87,HSI-Low,16,35.00,713.00,748.00,
X-n957-k87,HSI-Low,17,35.00,1073.00,1108.00,
X-n957-k87,HSI-Low,18,61.00,1137.00,1198.00,
X-n957-k87,HSI-Low,19,63.00,1144.00,1207.00,
X-n957-k87,HSI-Low,20,57.00,1132.00,1189.00,
X-n1001-k43,HSI-Low,1,40.00,745.00,785.00,
X-n1001-k43,HSI-Low,2,35.00,724.00,759.00,
X-n1001-k43,HSI-Low,3,33.00,689.00,722.00,
X-n1001-k43,HSI-Low,4,31.00,672.00,703.00,
X-n1001-k43,HSI-Low,5,31.00,673.00,704.00,
X-n1001-k43,HSI-Low,6,29.00,643.00,672.00,
X-n1001-k43,HSI-Low,7,31.00,648.00,679.00,
X-n1001-k43,HSI-Low,8,31.00,685.00,716.00,
X-n1001-k43,HSI-Low,9,48.00,1053.00,1101.00,
X-n1001-k43,HSI-Low,10,54.00,1043.00,1097.00,
X-n1001-k43,HSI-Low,11,50.00,1042.00,1092.00,
X-n1001-k43,HSI-Low,12,49.00,1034.00,1083.00,
X-n1001-k43,HSI-Low,13,48.00,1037.00,1085.00,
X-n1001-k43,HSI-Low,14,49.00,1012.00,1061.00,
X-n1001-k43,HSI-Low,15,46.00,958.00,1004.00,
X-n1001-k43,HSI-Low,16,42.00,940.00,982.00,
X-n1001-k43,HSI-Low,17,42.00,893.00,935.00,
X-n1001-k43,HSI-Low,18,42.00,894.00,936.00,
X-n1001-k43,HSI-Low,19,43.00,896.00,939.00,
X-n1001-k43,HSI-Low,20,42.00,845.00,887.00,
X-n106-k14,HSI-Min,1,1.00,85.00,86.00,
X-n106-k14,HSI-Min,2,1.00,86.00,87.00,
X-n106-k14,HSI-Min,3,1.00,79.00,80.00,
X-n106-k14,HSI-Min,4,1.00,80.00,81.00,
X-n106-k14,HSI-Min,5,1.00,80.00,81.00,
X-n106-k14,HSI-Min,6,1.00,84.00,85.00,
X-n106-k14,HSI-Min,7,1.00,82.00,83.00,
X-n106-k14,HSI-Min,8,2.00,81.00,83.00,
X-n106-k14,HSI-Min,9,1.00,83.00,84.00,
X-n106-k14,HSI-Min,10,1.00,81.00,82.00,
X-n106-k14,HSI-Min,11,1.00,85.00,86.00,
X-n106-k14,HSI-Min,12,1.00,84.00,85.00,
X-n106-k14,HSI-Min,13,1.00,83.00,84.00,
X-n106-k14,HSI-Min,14,1.00,82.00,83.00,
X-n106-k14,HSI-Min,15,1.00,82.00,83.00,
X-n106-k14,HSI-Min,16,1.00,93.00,94.00,
X-n106-k14,HSI-Min,17,2.00,105.00,107.00,
X-n106-k14,HSI-Min,18,1.00,115.00,116.00,
X-n106-k14,HSI-Min,19,1.00,123.00,124.00,
X-n106-k14,HSI-Min,20,1.00,123.00,124.00,
X-n204-k19,HSI-Min,1,4.00,209.00,213.00,
X-n204-k19,HSI-Min,2,4.00,220.00,224.00,
X-n204-k19,HSI-Min,3,3.00,204.00,207.00,
X-n204-k19,HSI-Min,4,3.00,194.00,197.00,
X-n204-k19,HSI-Min,5,3.00,203.00,206.00,
X-n204-k19,HSI-Min,6,3.00,193.00,196.00,
X-n204-k19,HSI-Min,7,3.00,203.00,206.00,
X-n204-k19,HSI-Min,8,3.00,213.00,216.00,
X-n204-k19,HSI-Min,9,4.00,209.00,213.00,
X-n204-k19,HSI-Min,10,3.00,219.00,222.00,
X-n204-k19,HSI-Min,11,3.00,197.00,200.00,
X-n204-k19,HSI-Min,12,3.00,204.00,207.00,
X-n204-k19,HSI-Min,13,3.00,227.00,230.00,
X-n204-k19,HSI-Min,14,3.00,223.00,226.00,
X-n204-k19,HSI-Min,15,3.00,220.00,223.00,
X-n204-k19,HSI-Min,16,3.00,220.00,223.00,
X-n204-k19,HSI-Min,17,3.00,222.00,225.00,
X-n204-k19,HSI-Min,18,4.00,221.00,225.00,
X-n204-k19,HSI-Min,19,3.00,220.00,223.00,
X-n204-k19,HSI-Min,20,3.00,246.00,249.00,
X-n308-k13,HSI-Min,1,5.00,283.00,288.00,
X-n308-k13,HSI-Min,2,5.00,314.00,319.00,
X-n308-k13,HSI-Min,3,5.00,281.00,286.00,
X-n308-k13,HSI-Min,4,4.00,288.00,292.00,
X-n308-k13,HSI-Min,5,5.00,280.00,285.00,
X-n308-k13,HSI-Min,6,4.00,305.00,309.00,
X-n308-k13,HSI-Min,7,5.00,307.00,312.00,
X-n308-k13,HSI-Min,8,5.00,300.00,305.00,
X-n308-k13,HSI-Min,9,5.00,298.00,303.00,
X-n308-k13,HSI-Min,10,5.00,323.00,328.00,
X-n308-k13,HSI-Min,11,5.00,316.00,321.00,
X-n308-k13,HSI-Min,12,5.00,320.00,325.00,
X-n308-k13,HSI-Min,13,5.00,317.00,322.00,
X-n308-k13,HSI-Min,14,5.00,319.00,324.00,
X-n308-k13,HSI-Min,15,5.00,312.00,317.00,
X-n308-k13,HSI-Min,16,5.00,284.00,289.00,
X-n308-k13,HSI-Min,17,4.00,290.00,294.00,
X-n308-k13,HSI-Min,18,5.00,278.00,283.00,
X-n308-k13,HSI-Min,19,5.00,301.00,306.00,
X-n308-k13,HSI-Min,20,5.00,298.00,303.00,
X-n376-k94,HSI-Min,1,22.00,566.00,588.00,
X-n376-k94,HSI-Min,2,22.00,522.00,544.00,
X-n376-k94,HSI-Min,3,21.00,533.00,554.00,
X-n376-k94,HSI-Min,4,23.00,551.00,574.00,
X-n376-k94,HSI-Min,5,20.00,562.00,582.00,
X-n376-k94,HSI-Min,6,22.00,586.00,608.00,
X-n376-k94,HSI-Min,7,23.00,590.00,613.00,
X-n376-k94,HSI-Min,8,23.00,558.00,581.00,
X-n376-k94,HSI-Min,9,22.00,523.00,545.00,
X-n376-k94,HSI-Min,10,20.00,528.00,548.00,
X-n376-k94,HSI-Min,11,21.00,537.00,558.00,
X-n376-k94,HSI-Min,12,22.00,583.00,605.00,
X-n376-k94,HSI-Min,13,23.00,571.00,594.00,
X-n376-k94,HSI-Min,14,23.00,611.00,634.00,
X-n376-k94,HSI-Min,15,23.00,576.00,599.00,
X-n376-k94,HSI-Min,16,23.00,547.00,570.00,
X-n376-k94,HSI-Min,17,21.00,530.00,551.00,
X-n376-k94,HSI-Min,18,21.00,580.00,601.00,
X-n376-k94,HSI-Min,19,23.00,586.00,609.00,
X-n376-k94,HSI-Min,20,23.00,603.00,626.00,
X-n502-k39,HSI-Min,1,15.00,487.00,502.00,
X-n502-k39,HSI-Min,2,13.00,508.00,521.00,
X-n502-k39,HSI-Min,3,13.00,526.00,539.00,
X-n502-k39,HSI-Min,4,14.00,542.00,556.00,
X-n502-k39,HSI-Min,5,14.00,538.00,552.00,
X-n502-k39,HSI-Min,6,13.00,527.00,540.00,
X-n502-k39,HSI-Min,7,13.00,523.00,536.00,
X-n502-k39,HSI-Min,8,14.00,513.00,527.00,
X-n502-k39,HSI-Min,9,13.00,488.00,501.00,
X-n502-k39,HSI-Min,10,12.00,490.00,502.00,
X-n502-k39,HSI-Min,11,13.00,541.00,554.00,
X-n502-k39,HSI-Min,12,14.00,536.00,550.00,
X-n502-k39,HSI-Min,13,14.00,532.00,546.00,
X-n502-k39,HSI-Min,14,14.00,544.00,558.00,
X-n502-k39,HSI-Min,15,13.00,509.00,522.00,
X-n502-k39,HSI-Min,16,12.00,478.00,490.00,
X-n502-k39,HSI-Min,17,12.00,454.00,466.00,
X-n502-k39,HSI-Min,18,12.00,452.00,464.00,
X-n502-k39,HSI-Min,19,12.00,435.00,447.00,
X-n502-k39,HSI-Min,20,11.00,513.00,524.00,
X-n655-k131,HSI-Min,1,54.00,966.00,1020.00,
X-n655-k131,HSI-Min,2,48.00,999.00,1047.00,
X-n655-k131,HSI-Min,3,48.00,1026.00,1074.00,
X-n655-k131,HSI-Min,4,55.00,1029.00,1084.00,
X-n655-k131,HSI-Min,5,54.00,959.00,1013.00,
X-n655-k131,HSI-Min,6,47.00,1014.00,1061.00,
X-n655-k131,HSI-Min,7,61.00,1111.00,1172.00,
X-n655-k131,HSI-Min,8,55.00,989.00,1044.00,
X-n655-k131,HSI-Min,9,56.00,948.00,1004.00,
X-n655-k131,HSI-Min,10,49.00,980.00,1029.00,
X-n655-k131,HSI-Min,11,55.00,1044.00,1099.00,
X-n655-k131,HSI-Min,12,55.00,972.00,1027.00,
X-n655-k131,HSI-Min,13,49.00,958.00,1007.00,
X-n655-k131,HSI-Min,14,47.00,849.00,896.00,
X-n655-k131,HSI-Min,15,43.00,809.00,852.00,
X-n655-k131,HSI-Min,16,42.00,753.00,795.00,
X-n655-k131,HSI-Min,17,40.00,729.00,769.00,
X-n655-k131,HSI-Min,18,39.00,725.00,764.00,
X-n655-k131,HSI-Min,19,37.00,753.00,790.00,
X-n655-k131,HSI-Min,20,40.00,754.00,794.00,
X-n801-k40,HSI-Min,1,28.00,827.00,855.00,
X-n801-k40,HSI-Min,2,21.00,834.00,855.00,
X-n801-k40,HSI-Min,3,24.00,866.00,890.00,
X-n801-k40,HSI-Min,4,26.00,889.00,915.00,
X-n801-k40,HSI-Min,5,24.00,878.00,902.00,
X-n801-k40,HSI-Min,6,22.00,803.00,825.00,
X-n801-k40,HSI-Min,7,23.00,840.00,863.00,
X-n801-k40,HSI-Min,8,24.00,882.00,906.00,
X-n801-k40,HSI-Min,9,23.00,874.00,897.00,
X-n801-k40,HSI-Min,10,24.00,870.00,894.00,
X-n801-k40,HSI-Min,11,23.00,796.00,819.00,
X-n801-k40,HSI-Min,12,22.00,856.00,878.00,
X-n801-k40,HSI-Min,13,24.00,890.00,914.00,
X-n801-k40,HSI-Min,14,24.00,879.00,903.00,
X-n801-k40,HSI-Min,15,24.00,791.00,815.00,
X-n801-k40,HSI-Min,16,20.00,724.00,744.00,
X-n801-k40,HSI-Min,17,20.00,726.00,746.00,
X-n801-k40,HSI-Min,18,18.00,675.00,693.00,
X-n801-k40,HSI-Min,19,18.00,665.00,683.00,
X-n801-k40,HSI-Min,20,17.00,629.00,646.00,
X-n876-k59,HSI-Min,1,44.00,627.00,671.00,
X-n876-k59,HSI-Min,2,41.00,623.00,664.00,
X-n876-k59,HSI-Min,3,42.00,620.00,662.00,
X-n876-k59,HSI-Min,4,41.00,605.00,646.00,
X-n876-k59,HSI-Min,5,40.00,609.00,649.00,
X-n876-k59,HSI-Min,6,39.00,631.00,670.00,
X-n876-k59,HSI-Min,7,43.00,654.00,697.00,
X-n876-k59,HSI-Min,8,44.00,655.00,699.00,
X-n876-k59,HSI-Min,9,42.00,636.00,678.00,
X-n876-k59,HSI-Min,10,44.00,654.00,698.00,
X-n876-k59,HSI-Min,11,43.00,655.00,698.00,
X-n876-k59,HSI-Min,12,43.00,805.00,848.00,
X-n876-k59,HSI-Min,13,44.00,651.00,695.00,
X-n876-k59,HSI-Min,14,41.00,625.00,666.00,
X-n876-k59,HSI-Min,15,41.00,624.00,665.00,
X-n876-k59,HSI-Min,16,42.00,632.00,674.00,
X-n876-k59,HSI-Min,17,41.00,644.00,685.00,
X-n876-k59,HSI-Min,18,43.00,659.00,702.00,
X-n876-k59,HSI-Min,19,43.00,667.00,710.00,
X-n876-k59,HSI-Min,20,45.00,651.00,696.00,
X-n957-k87,HSI-Min,1,42.00,731.00,773.00,
X-n957-k87,HSI-Min,2,37.00,748.00,785.00,
X-n957-k87,HSI-Min,3,37.00,764.00,801.00,
X-n957-k87,HSI-Min,4,37.00,734.00,771.00,
X-n957-k87,HSI-Min,5,38.00,739.00,777.00,
X-n957-k87,HSI-Min,6,35.00,712.00,747.00,
X-n957-k87,HSI-Min,7,35.00,726.00,761.00,
X-n957-k87,HSI-Min,8,36.00,704.00,740.00,
X-n957-k87,HSI-Min,9,35.00,706.00,741.00,
X-n957-k87,HSI-Min,10,35.00,731.00,766.00,
X-n957-k87,HSI-Min,11,35.00,716.00,751.00,
X-n957-k87,HSI-Min,12,35.00,706.00,741.00,
X-n957-k87,HSI-Min,13,35.00,714.00,749.00,
X-n957-k87,HSI-Min,14,36.00,719.00,755.00,
X-n957-k87,HSI-Min,15,36.00,713.00,749.00,
X-n957-k87,HSI-Min,16,35.00,698.00,733.00,
X-n957-k87,HSI-Min,17,35.00,711.00,746.00,
X-n957-k87,HSI-Min,18,35.00,701.00,736.00,
X-n957-k87,HSI-Min,19,34.00,702.00,736.00,
X-n957-k87,HSI-Min,20,36.00,698.00,734.00,
X-n1001-k43,HSI-Min,1,55.00,1058.00,1113.00,
X-n1001-k43,HSI-Min,2,50.00,1064.00,1114.00,
X-n1001-k43,HSI-Min,3,53.00,1041.00,1094.00,
X-n1001-k43,HSI-Min,4,47.00,1037.00,1084.00,
X-n1001-k43,HSI-Min,5,46.00,1032.00,1078.00,
X-n1001-k43,HSI-Min,6,46.00,998.00,1044.00,
X-n1001-k43,HSI-Min,7,46.00,934.00,980.00,
X-n1001-k43,HSI-Min,8,41.00,942.00,983.00,
X-n1001-k43,HSI-Min,9,40.00,891.00,931.00,
X-n1001-k43,HSI-Min,10,40.00,891.00,931.00,
X-n1001-k43,HSI-Min,11,40.00,903.00,943.00,
X-n1001-k43,HSI-Min,12,42.00,842.00,884.00,
X-n1001-k43,HSI-Min,13,38.00,768.00,806.00,
X-n1001-k43,HSI-Min,14,35.00,723.00,758.00,
X-n1001-k43,HSI-Min,15,33.00,708.00,741.00,
X-n1001-k43,HSI-Min,16,32.00,734.00,766.00,
X-n1001-k43,HSI-Min,17,34.00,714.00,748.00,
X-n1001-k43,HSI-Min,18,32.00,709.00,741.00,
X-n1001-k43,HSI-Min,19,32.00,674.00,706.00,
X-n1001-k43,HSI-Min,20,29.00,684.00,713.00,
